,pop2020_FUA,den2020,rdi
0,-0.4844119932960141,-0.33098635132414017,0.3118179090550849
1,1.8967209020302465,2.8722098294894485,-2.058609829630565
2,2.0592445641955344,0.01623909300709498,-0.5864116848092769
